{"source":"Clean Bandit - Rockabye (Lyrics) feat. Sean Paul & Anne-Marie.wav","duration_seconds":100,"sample_rate_hz":44100,"channels":2,"buckets":1600,"source_start_seconds":53,"source_end_seconds":153,"peaks":[0.46826,0.82899,0.58627,0.55598,0.43004,0.18152,0.07842,0.18549,0.68112,0.6635,0.80619,0.76321,0.40673,0.24082,0.14917,0.6516,0.64038,0.61382,0.27543,0.64414,0.85412,0.42494,0.37455,0.33353,0.10922,0.05507,0.44124,0.70491,0.65724,0.76258,0.64125,0.35967,0.19159,0.56146,0.77697,0.695,0.66464,0.35559,0.71247,0.82819,0.59076,0.42562,0.24638,0.09436,0.06168,0.5421,0.6258,0.59191,0.81056,0.66366,0.35288,0.23064,0.67448,0.51709,0.52695,0.44562,0.22072,0.16469,0.23062,0.25119,0.22113,0.20528,0.22479,0.21922,0.15264,0.21804,0.20146,0.13136,0.13844,0.11724,0.12439,0.12345,0.15466,0.10837,0.08254,0.09009,0.17527,0.12695,0.08798,0.09596,0.07908,0.0829,0.08573,0.14142,0.12668,0.09575,0.08903,0.0887,0.05316,0.02932,0.144,0.10983,0.08792,0.09424,0.09334,0.13425,0.09649,0.1098,0.10612,0.10298,0.1207,0.1262,0.13245,0.07241,0.09152,0.03996,0.02859,0.03257,0.0319,0.12254,0.10293,0.10094,0.11262,0.15905,0.12764,0.11069,0.11593,0.08159,0.09329,0.09241,0.1588,0.16065,0.10705,0.10119,0.1014,0.09089,0.03688,0.09864,0.16251,0.12067,0.10857,0.09848,0.14057,0.12915,0.1002,0.08901,0.03771,0.09099,0.07765,0.1115,0.12328,0.10974,0.0958,0.09782,0.09026,0.08035,0.11828,0.12894,0.12905,0.10432,0.09081,0.10623,0.08686,0.09767,0.0771,0.0773,0.06696,0.0603,0.12987,0.12656,0.07252,0.08914,0.073,0.07781,0.08073,0.12994,0.12273,0.08078,0.10065,0.08,0.12784,0.12285,0.086,0.09124,0.07631,0.07608,0.05983,0.12695,0.12392,0.10979,0.08031,0.04646,0.03388,0.03522,0.10505,0.08599,0.06973,0.09111,0.08202,0.11074,0.09634,0.09303,0.09279,0.09346,0.09004,0.07999,0.14531,0.1244,0.09568,0.10716,0.10004,0.08074,0.05173,0.18336,0.12168,0.11415,0.08247,0.10528,0.13676,0.10913,0.09788,0.04372,0.10347,0.09256,0.04074,0.1495,0.14893,0.12038,0.11146,0.08262,0.06717,0.06321,0.14451,0.11909,0.08885,0.08917,0.10828,0.09892,0.08139,0.09503,0.086,0.10157,0.08702,0.10748,0.15297,0.1315,0.09319,0.09974,0.07424,0.04061,0.11839,0.14231,0.09692,0.08972,0.09446,0.1584,0.11883,0.11414,0.09686,0.09224,0.10336,0.0909,0.11941,0.10197,0.07999,0.08391,0.04318,0.03835,0.0302,0.12537,0.11777,0.10258,0.11379,0.09807,0.12809,0.09919,0.10085,0.09574,0.10173,0.09999,0.08653,0.12143,0.13097,0.11008,0.09434,0.09441,0.09483,0.04601,0.15879,0.13745,0.11268,0.09363,0.08568,0.13722,0.11127,0.10168,0.047,0.08081,0.10623,0.08587,0.14439,0.12062,0.0927,0.09522,0.0908,0.07208,0.05598,0.16992,0.14419,0.10113,0.1006,0.08428,0.12372,0.09586,0.08487,0.08416,0.09744,0.08755,0.06884,0.16379,0.08789,0.09818,0.09235,0.07342,0.06167,0.05935,0.17301,0.14075,0.09866,0.09171,0.09307,0.08145,0.08852,0.09053,0.08996,0.07321,0.08015,0.08263,0.07294,0.05968,0.0584,0.03605,0.02591,0.0194,0.01562,0.01862,0.0185,0.01389,0.01278,0.09191,0.17404,0.05533,0.18461,0.0706,0.04675,0.05095,0.12105,0.19737,0.10073,0.17597,0.11217,0.09639,0.05533,0.07794,0.20474,0.09088,0.10643,0.09204,0.43152,0.63322,0.57723,0.32744,0.34299,0.36378,0.45167,0.44265,0.3893,0.38485,0.59906,0.71546,0.40386,0.39201,0.41371,0.39143,0.43108,0.46093,0.4345,0.50462,0.72498,0.70703,0.29066,0.14086,0.16405,0.09066,0.43996,0.6389,0.454,0.5799,0.59704,0.16388,0.13693,0.32663,0.36815,0.35851,0.34754,0.27055,0.54644,0.72774,0.5721,0.20207,0.19309,0.22957,0.10173,0.41143,0.42819,0.48322,0.63658,0.59015,0.14741,0.11281,0.40525,0.43271,0.44689,0.26922,0.22193,0.66393,0.71056,0.2973,0.21846,0.20332,0.1058,0.08531,0.47978,0.57341,0.45257,0.51648,0.5284,0.14457,0.09051,0.35424,0.41186,0.40054,0.26727,0.3279,0.62136,0.59161,0.29732,0.20691,0.33454,0.39818,0.44568,0.40162,0.42921,0.49482,0.65343,0.55778,0.35325,0.36043,0.39077,0.43257,0.45477,0.38405,0.38146,0.74067,0.75019,0.35089,0.18993,0.18658,0.0999,0.32913,0.60311,0.62182,0.60534,0.62025,0.47466,0.14147,0.25904,0.53346,0.46812,0.45347,0.28009,0.39685,0.77472,0.78487,0.226,0.21745,0.21816,0.15187,0.38827,0.47274,0.47473,0.57251,0.57863,0.18249,0.1194,0.30117,0.41084,0.42352,0.29617,0.23983,0.21288,0.15151,0.08833,0.13835,0.09366,0.09987,0.09015,0.12338,0.08868,0.08717,0.09841,0.08644,0.08442,0.07542,0.03067,0.02651,0.02184,0.02428,0.01878,0.94479,0.86889,0.52184,0.32889,0.16003,0.08017,0.07181,0.74834,0.77486,0.82478,0.88998,0.49947,0.26875,0.17792,0.71028,0.69745,0.66101,0.3758,0.2059,0.91792,0.7213,0.61175,0.47966,0.1974,0.11283,0.1303,0.66465,0.71595,0.93949,0.92465,0.42173,0.2568,0.19263,0.71805,0.75929,0.64371,0.41051,0.34779,0.74943,0.67659,0.31572,0.32452,0.14127,0.08097,0.57061,0.7853,0.76606,0.9225,0.85356,0.41329,0.2545,0.51444,0.71259,0.72177,0.73065,0.37861,0.88066,0.87894,0.74024,0.44202,0.27702,0.09417,0.05925,0.64161,0.69954,0.66818,0.85594,0.71374,0.34489,0.20599,0.56727,0.66038,0.70702,0.57938,0.27541,0.78129,0.76484,0.67032,0.31326,0.18881,0.09003,0.06745,0.66467,0.88315,0.88921,0.90828,0.62831,0.32299,0.21711,0.75474,0.72026,0.7143,0.45963,0.1475,0.75981,0.77008,0.5387,0.49014,0.29123,0.08567,0.08246,0.66514,0.79648,0.67714,0.86986,0.47928,0.30789,0.19573,0.6803,0.67021,0.60566,0.41773,0.19228,0.84238,0.72957,0.35038,0.39284,0.20435,0.10965,0.08132,0.74779,0.72803,0.75307,0.74584,0.44334,0.28945,0.14896,0.74473,0.67385,0.63839,0.412,0.40014,0.76247,0.79402,0.39445,0.2848,0.14259,0.03726,0.16765,0.63425,0.7511,0.70026,0.72975,0.42275,0.24898,0.1799,0.55228,0.60986,0.57665,0.30684,0.57023,0.86466,0.74515,0.36915,0.29861,0.12184,0.17688,0.6048,0.69641,0.70113,0.77783,0.72894,0.35067,0.21978,0.21457,0.70363,0.71843,0.60696,0.31359,0.80411,0.73903,0.68519,0.43325,0.31748,0.08855,0.0959,0.70003,0.82909,0.9179,0.86964,0.63084,0.32972,0.2133,0.6102,0.63265,0.64223,0.4706,0.27443,0.87343,0.73971,0.55,0.4333,0.29408,0.10035,0.07261,0.71257,0.66149,0.76357,0.79159,0.50808,0.29766,0.17691,0.66353,0.63828,0.68904,0.50752,0.22005,0.68987,0.77179,0.60424,0.41017,0.23322,0.09319,0.06015,0.70285,0.70161,0.69363,0.7688,0.57505,0.26481,0.18855,0.6791,0.57563,0.58216,0.36478,0.1551,0.79272,0.74666,0.58623,0.31999,0.15186,0.06987,0.06356,0.73179,0.7478,0.79471,0.83456,0.4462,0.25348,0.14897,0.62422,0.61602,0.58503,0.28609,0.571,0.78072,0.72871,0.59895,0.48106,0.1606,0.07084,0.28707,0.62155,0.70501,0.94339,0.87988,0.38239,0.25412,0.17371,0.65088,0.57114,0.56087,0.32366,0.67789,0.81605,0.72366,0.40646,0.35836,0.14402,0.06968,0.40144,0.67098,0.74448,0.76807,0.63729,0.37593,0.22374,0.34029,0.68612,0.72644,0.73544,0.33182,0.11177,0.07109,0.03438,0.0867,0.06345,0.02609,0.09129,0.07389,0.07685,0.06022,0.08264,0.0865,0.06832,0.06481,0.05477,0.02759,0.03951,0.02101,0.01565,0.82599,0.74355,0.64361,0.38564,0.18702,0.0943,0.10537,0.60295,0.7206,0.6781,0.764,0.53604,0.32849,0.21136,0.59448,0.69897,0.71157,0.41914,0.15777,0.73701,0.67699,0.4521,0.40102,0.23477,0.10213,0.08781,0.75936,0.75947,0.78585,0.94785,0.45808,0.28433,0.19568,0.68408,0.75201,0.69541,0.39522,0.31764,0.81348,0.63522,0.37494,0.39295,0.17621,0.08649,0.07558,0.7198,0.73917,0.73913,0.73795,0.40635,0.27771,0.13536,0.63503,0.63835,0.58502,0.41075,0.56247,0.72118,0.71537,0.50108,0.25773,0.13219,0.07623,0.39703,0.63093,0.7102,0.68415,0.78594,0.41081,0.24401,0.23407,0.65837,0.61095,0.55958,0.25989,0.69151,0.73889,0.71778,0.33028,0.31325,0.0949,0.09493,0.66692,0.793,0.76032,0.88545,0.63024,0.37362,0.21653,0.4329,0.62362,0.64894,0.46442,0.27611,0.69531,0.73324,0.67391,0.526,0.33742,0.11133,0.07903,0.49351,0.68335,0.64777,0.85347,0.55067,0.34499,0.23102,0.54038,0.63067,0.58118,0.42706,0.25545,0.6739,0.65576,0.50495,0.38928,0.2496,0.10555,0.08068,0.66835,0.74222,0.72625,0.81151,0.47753,0.2916,0.18612,0.67665,0.81282,0.72404,0.53476,0.24609,0.16247,0.09466,0.07,0.05268,0.04505,0.09927,0.09006,0.07894,0.05744,0.05544,0.11863,0.0743,0.0795,0.07291,0.0307,0.0221,0.07435,0.08654,0.23975,0.90601,0.99998,0.35661,0.29127,0.10822,0.09492,0.21618,0.81686,0.81847,0.68063,0.82136,0.68569,0.10227,0.0903,0.64193,0.66422,0.60179,0.3097,0.49999,0.88108,0.87445,0.464,0.29525,0.13811,0.11386,0.61118,0.59341,0.77778,